Workbook

Sheet Inputs
A1: Parameter | B1: High | C1: Medium | D1: Low
A2: Acquisition Cost | B2: 50 | C2: 35 | D2: 5
A3: Remanufacturing Cost | B3: 30 | C3: 50 | D3: 85
A4: Selling Price | B4: 120 | C4: 120 | D4: 120
A6: Mean Demand | B6: 1000
A7: Demand SD | B7: 250
A9: Decision Variables
A10: Purchase High | B10: 788
A11: Purchase Medium | B11: 0
A12: Purchase Low | B12: 451
A14: Average Profit | B14: =Simulation!K2 -> 34393.3

Sheet Simulation
A1: Scenario | B1: Demand | C1: High Reman | D1: Medium Reman | E1: Low Reman | F1: Units Sold | G1: Profit | H1: Unmet Demand | I1: Leftover Inventory | K1: Average Profit | L1: Average Unmet Demand | M1: Average Leftover Inventory
A2: =ROW()-1 -> 1 | B2: 882 | C2: =MIN(B2,Inputs!$B$10) -> 788 | D2: =MIN(MAX(B2-C2,0),Inputs!$B$11) -> 0 | E2: =MIN(MAX(B2-C2-D2,0),Inputs!$B$12) -> 94 | F2: =C2+D2+E2 -> 882 | G2: =Inputs!$B$4*(C2+D2+E2) -(Inputs!$B$10*Inputs!$B$2+Inputs!$B$11*Inputs!$C$2+Inputs!$B$12*Inputs!$D$2) -(C2*Inputs!$B$3+D2*Inputs!$C$3+E2*Inputs!$D$3) -> 32555 | H2: =MAX(B2-F2,0) -> 0 | I2: =Inputs!$B$10+Inputs!$B$11+Inputs!$B$12-F2 -> 357 | K2: =AVERAGE(G2:G101) -> 34393.3 | L2: =AVERAGE(H2:H101) -> 17.58 | M2: =AVERAGE(I2:I101) -> 266.7
A3: =ROW()-1 -> 2 | B3: 793 | C3: =MIN(B3,Inputs!$B$10) -> 788 | D3: =MIN(MAX(B3-C3,0),Inputs!$B$11) -> 0 | E3: =MIN(MAX(B3-C3-D3,0),Inputs!$B$12) -> 5 | F3: =C3+D3+E3 -> 793 | G3: =Inputs!$B$4*(C3+D3+E3) -(Inputs!$B$10*Inputs!$B$2+Inputs!$B$11*Inputs!$C$2+Inputs!$B$12*Inputs!$D$2) -(C3*Inputs!$B$3+D3*Inputs!$C$3+E3*Inputs!$D$3) -> 29440 | H3: =MAX(B3-F3,0) -> 0 | I3: =Inputs!$B$10+Inputs!$B$11+Inputs!$B$12-F3 -> 446
A4: =ROW()-1 -> 3 | B4: 1046 | C4: =MIN(B4,Inputs!$B$10) -> 788 | D4: =MIN(MAX(B4-C4,0),Inputs!$B$11) -> 0 | E4: =MIN(MAX(B4-C4-D4,0),Inputs!$B$12) -> 258 | F4: =C4+D4+E4 -> 1046 | G4: =Inputs!$B$4*(C4+D4+E4) -(Inputs!$B$10*Inputs!$B$2+Inputs!$B$11*Inputs!$C$2+Inputs!$B$12*Inputs!$D$2) -(C4*Inputs!$B$3+D4*Inputs!$C$3+E4*Inputs!$D$3) -> 38295 | H4: =MAX(B4-F4,0) -> 0 | I4: =Inputs!$B$10+Inputs!$B$11+Inputs!$B$12-F4 -> 193
A5: =ROW()-1 -> 4 | B5: 1022 | C5: =MIN(B5,Inputs!$B$10) -> 788 | D5: =MIN(MAX(B5-C5,0),Inputs!$B$11) -> 0 | E5: =MIN(MAX(B5-C5-D5,0),Inputs!$B$12) -> 234 | F5: =C5+D5+E5 -> 1022 | G5: =Inputs!$B$4*(C5+D5+E5) -(Inputs!$B$10*Inputs!$B$2+Inputs!$B$11*Inputs!$C$2+Inputs!$B$12*Inputs!$D$2) -(C5*Inputs!$B$3+D5*Inputs!$C$3+E5*Inputs!$D$3) -> 37455 | H5: =MAX(B5-F5,0) -> 0 | I5: =Inputs!$B$10+Inputs!$B$11+Inputs!$B$12-F5 -> 217
A6: =ROW()-1 -> 5 | B6: 611 | C6: =MIN(B6,Inputs!$B$10) -> 611 | D6: =MIN(MAX(B6-C6,0),Inputs!$B$11) -> 0 | E6: =MIN(MAX(B6-C6-D6,0),Inputs!$B$12) -> 0 | F6: =C6+D6+E6 -> 611 | G6: =Inputs!$B$4*(C6+D6+E6) -(Inputs!$B$10*Inputs!$B$2+Inputs!$B$11*Inputs!$C$2+Inputs!$B$12*Inputs!$D$2) -(C6*Inputs!$B$3+D6*Inputs!$C$3+E6*Inputs!$D$3) -> 13335 | H6: =MAX(B6-F6,0) -> 0 | I6: =Inputs!$B$10+Inputs!$B$11+Inputs!$B$12-F6 -> 628
A7: =ROW()-1 -> 6 | B7: 1049 | C7: =MIN(B7,Inputs!$B$10) -> 788 | D7: =MIN(MAX(B7-C7,0),Inputs!$B$11) -> 0 | E7: =MIN(MAX(B7-C7-D7,0),Inputs!$B$12) -> 261 | F7: =C7+D7+E7 -> 1049 | G7: =Inputs!$B$4*(C7+D7+E7) -(Inputs!$B$10*Inputs!$B$2+Inputs!$B$11*Inputs!$C$2+Inputs!$B$12*Inputs!$D$2) -(C7*Inputs!$B$3+D7*Inputs!$C$3+E7*Inputs!$D$3) -> 38400 | H7: =MAX(B7-F7,0) -> 0 | I7: =Inputs!$B$10+Inputs!$B$11+Inputs!$B$12-F7 -> 190 | K7: high | L7: =_xlfn.NORM.INV(40/(40+50),1000,250) -> 965.07243
A8: =ROW()-1 -> 7 | B8: 1085 | C8: =MIN(B8,Inputs!$B$10) -> 788 | D8: =MIN(MAX(B8-C8,0),Inputs!$B$11) -> 0 | E8: =MIN(MAX(B8-C8-D8,0),Inputs!$B$12) -> 297 | F8: =C8+D8+E8 -> 1085 | G8: =Inputs!$B$4*(C8+D8+E8) -(Inputs!$B$10*Inputs!$B$2+Inputs!$B$11*Inputs!$C$2+Inputs!$B$12*Inputs!$D$2) -(C8*Inputs!$B$3+D8*Inputs!$C$3+E8*Inputs!$D$3) -> 39660 | H8: =MAX(B8-F8,0) -> 0 | I8: =Inputs!$B$10+Inputs!$B$11+Inputs!$B$12-F8 -> 154 | K8: Medium | L8: =_xlfn.NORM.INV(35/(35+35),1000,250) -> 1000
A9: =ROW()-1 -> 8 | B9: 1032 | C9: =MIN(B9,Inputs!$B$10) -> 788 | D9: =MIN(MAX(B9-C9,0),Inputs!$B$11) -> 0 | E9: =MIN(MAX(B9-C9-D9,0),Inputs!$B$12) -> 244 | F9: =C9+D9+E9 -> 1032 | G9: =Inputs!$B$4*(C9+D9+E9) -(Inputs!$B$10*Inputs!$B$2+Inputs!$B$11*Inputs!$C$2+Inputs!$B$12*Inputs!$D$2) -(C9*Inputs!$B$3+D9*Inputs!$C$3+E9*Inputs!$D$3) -> 37805 | H9: =MAX(B9-F9,0) -> 0 | I9: =Inputs!$B$10+Inputs!$B$11+Inputs!$B$12-F9 -> 207 | K9: Low | L9: =_xlfn.NORM.INV(30/(30+5),1000,250) -> 1266.8926
A10: =ROW()-1 -> 9 | B10: 815 | C10: =MIN(B10,Inputs!$B$10) -> 788 | D10: =MIN(MAX(B10-C10,0),Inputs!$B$11) -> 0 | E10: =MIN(MAX(B10-C10-D10,0),Inputs!$B$12) -> 27 | F10: =C10+D10+E10 -> 815 | G10: =Inputs!$B$4*(C10+D10+E10) -(Inputs!$B$10*Inputs!$B$2+Inputs!$B$11*Inputs!$C$2+Inputs!$B$12*Inputs!$D$2) -(C10*Inputs!$B$3+D10*Inputs!$C$3+E10*Inputs!$D$3) -> 30210 | H10: =MAX(B10-F10,0) -> 0 | I10: =Inputs!$B$10+Inputs!$B$11+Inputs!$B$12-F10 -> 424
A11: =ROW()-1 -> 10 | B11: 878 | C11: =MIN(B11,Inputs!$B$10) -> 788 | D11: =MIN(MAX(B11-C11,0),Inputs!$B$11) -> 0 | E11: =MIN(MAX(B11-C11-D11,0),Inputs!$B$12) -> 90 | F11: =C11+D11+E11 -> 878 | G11: =Inputs!$B$4*(C11+D11+E11) -(Inputs!$B$10*Inputs!$B$2+Inputs!$B$11*Inputs!$C$2+Inputs!$B$12*Inputs!$D$2) -(C11*Inputs!$B$3+D11*Inputs!$C$3+E11*Inputs!$D$3) -> 32415 | H11: =MAX(B11-F11,0) -> 0 | I11: =Inputs!$B$10+Inputs!$B$11+Inputs!$B$12-F11 -> 361
A12: =ROW()-1 -> 11 | B12: 1109 | C12: =MIN(B12,Inputs!$B$10) -> 788 | D12: =MIN(MAX(B12-C12,0),Inputs!$B$11) -> 0 | E12: =MIN(MAX(B12-C12-D12,0),Inputs!$B$12) -> 321 | F12: =C12+D12+E12 -> 1109 | G12: =Inputs!$B$4*(C12+D12+E12) -(Inputs!$B$10*Inputs!$B$2+Inputs!$B$11*Inputs!$C$2+Inputs!$B$12*Inputs!$D$2) -(C12*Inputs!$B$3+D12*Inputs!$C$3+E12*Inputs!$D$3) -> 40500 | H12: =MAX(B12-F12,0) -> 0 | I12: =Inputs!$B$10+Inputs!$B$11+Inputs!$B$12-F12 -> 130
A13: =ROW()-1 -> 12 | B13: 932 | C13: =MIN(B13,Inputs!$B$10) -> 788 | D13: =MIN(MAX(B13-C13,0),Inputs!$B$11) -> 0 | E13: =MIN(MAX(B13-C13-D13,0),Inputs!$B$12) -> 144 | F13: =C13+D13+E13 -> 932 | G13: =Inputs!$B$4*(C13+D13+E13) -(Inputs!$B$10*Inputs!$B$2+Inputs!$B$11*Inputs!$C$2+Inputs!$B$12*Inputs!$D$2) -(C13*Inputs!$B$3+D13*Inputs!$C$3+E13*Inputs!$D$3) -> 34305 | H13: =MAX(B13-F13,0) -> 0 | I13: =Inputs!$B$10+Inputs!$B$11+Inputs!$B$12-F13 -> 307
A14: =ROW()-1 -> 13 | B14: 800 | C14: =MIN(B14,Inputs!$B$10) -> 788 | D14: =MIN(MAX(B14-C14,0),Inputs!$B$11) -> 0 | E14: =MIN(MAX(B14-C14-D14,0),Inputs!$B$12) -> 12 | F14: =C14+D14+E14 -> 800 | G14: =Inputs!$B$4*(C14+D14+E14) -(Inputs!$B$10*Inputs!$B$2+Inputs!$B$11*Inputs!$C$2+Inputs!$B$12*Inputs!$D$2) -(C14*Inputs!$B$3+D14*Inputs!$C$3+E14*Inputs!$D$3) -> 29685 | H14: =MAX(B14-F14,0) -> 0 | I14: =Inputs!$B$10+Inputs!$B$11+Inputs!$B$12-F14 -> 439
A15: =ROW()-1 -> 14 | B15: 1105 | C15: =MIN(B15,Inputs!$B$10) -> 788 | D15: =MIN(MAX(B15-C15,0),Inputs!$B$11) -> 0 | E15: =MIN(MAX(B15-C15-D15,0),Inputs!$B$12) -> 317 | F15: =C15+D15+E15 -> 1105 | G15: =Inputs!$B$4*(C15+D15+E15) -(Inputs!$B$10*Inputs!$B$2+Inputs!$B$11*Inputs!$C$2+Inputs!$B$12*Inputs!$D$2) -(C15*Inputs!$B$3+D15*Inputs!$C$3+E15*Inputs!$D$3) -> 40360 | H15: =MAX(B15-F15,0) -> 0 | I15: =Inputs!$B$10+Inputs!$B$11+Inputs!$B$12-F15 -> 134
A16: =ROW()-1 -> 15 | B16: 996 | C16: =MIN(B16,Inputs!$B$10) -> 788 | D16: =MIN(MAX(B16-C16,0),Inputs!$B$11) -> 0 | E16: =MIN(MAX(B16-C16-D16,0),Inputs!$B$12) -> 208 | F16: =C16+D16+E16 -> 996 | G16: =Inputs!$B$4*(C16+D16+E16) -(Inputs!$B$10*Inputs!$B$2+Inputs!$B$11*Inputs!$C$2+Inputs!$B$12*Inputs!$D$2) -(C16*Inputs!$B$3+D16*Inputs!$C$3+E16*Inputs!$D$3) -> 36545 | H16: =MAX(B16-F16,0) -> 0 | I16: =Inputs!$B$10+Inputs!$B$11+Inputs!$B$12-F16 -> 243
A17: =ROW()-1 -> 16 | B17: 1164 | C17: =MIN(B17,Inputs!$B$10) -> 788 | D17: =MIN(MAX(B17-C17,0),Inputs!$B$11) -> 0 | E17: =MIN(MAX(B17-C17-D17,0),Inputs!$B$12) -> 376 | F17: =C17+D17+E17 -> 1164 | G17: =Inputs!$B$4*(C17+D17+E17) -(Inputs!$B$10*Inputs!$B$2+Inputs!$B$11*Inputs!$C$2+Inputs!$B$12*Inputs!$D$2) -(C17*Inputs!$B$3+D17*Inputs!$C$3+E17*Inputs!$D$3) -> 42425 | H17: =MAX(B17-F17,0) -> 0 | I17: =Inputs!$B$10+Inputs!$B$11+Inputs!$B$12-F17 -> 75
A18: =ROW()-1 -> 17 | B18: 1174 | C18: =MIN(B18,Inputs!$B$10) -> 788 | D18: =MIN(MAX(B18-C18,0),Inputs!$B$11) -> 0 | E18: =MIN(MAX(B18-C18-D18,0),Inputs!$B$12) -> 386 | F18: =C18+D18+E18 -> 1174 | G18: =Inputs!$B$4*(C18+D18+E18) -(Inputs!$B$10*Inputs!$B$2+Inputs!$B$11*Inputs!$C$2+Inputs!$B$12*Inputs!$D$2) -(C18*Inputs!$B$3+D18*Inputs!$C$3+E18*Inputs!$D$3) -> 42775 | H18: =MAX(B18-F18,0) -> 0 | I18: =Inputs!$B$10+Inputs!$B$11+Inputs!$B$12-F18 -> 65
A19: =ROW()-1 -> 18 | B19: 886 | C19: =MIN(B19,Inputs!$B$10) -> 788 | D19: =MIN(MAX(B19-C19,0),Inputs!$B$11) -> 0 | E19: =MIN(MAX(B19-C19-D19,0),Inputs!$B$12) -> 98 | F19: =C19+D19+E19 -> 886 | G19: =Inputs!$B$4*(C19+D19+E19) -(Inputs!$B$10*Inputs!$B$2+Inputs!$B$11*Inputs!$C$2+Inputs!$B$12*Inputs!$D$2) -(C19*Inputs!$B$3+D19*Inputs!$C$3+E19*Inputs!$D$3) -> 32695 | H19: =MAX(B19-F19,0) -> 0 | I19: =Inputs!$B$10+Inputs!$B$11+Inputs!$B$12-F19 -> 353
A20: =ROW()-1 -> 19 | B20: 933 | C20: =MIN(B20,Inputs!$B$10) -> 788 | D20: =MIN(MAX(B20-C20,0),Inputs!$B$11) -> 0 | E20: =MIN(MAX(B20-C20-D20,0),Inputs!$B$12) -> 145 | F20: =C20+D20+E20 -> 933 | G20: =Inputs!$B$4*(C20+D20+E20) -(Inputs!$B$10*Inputs!$B$2+Inputs!$B$11*Inputs!$C$2+Inputs!$B$12*Inputs!$D$2) -(C20*Inputs!$B$3+D20*Inputs!$C$3+E20*Inputs!$D$3) -> 34340 | H20: =MAX(B20-F20,0) -> 0 | I20: =Inputs!$B$10+Inputs!$B$11+Inputs!$B$12-F20 -> 306
A21: =ROW()-1 -> 20 | B21: 650 | C21: =MIN(B21,Inputs!$B$10) -> 650 | D21: =MIN(MAX(B21-C21,0),Inputs!$B$11) -> 0 | E21: =MIN(MAX(B21-C21-D21,0),Inputs!$B$12) -> 0 | F21: =C21+D21+E21 -> 650 | G21: =Inputs!$B$4*(C21+D21+E21) -(Inputs!$B$10*Inputs!$B$2+Inputs!$B$11*Inputs!$C$2+Inputs!$B$12*Inputs!$D$2) -(C21*Inputs!$B$3+D21*Inputs!$C$3+E21*Inputs!$D$3) -> 16845 | H21: =MAX(B21-F21,0) -> 0 | I21: =Inputs!$B$10+Inputs!$B$11+Inputs!$B$12-F21 -> 589
... A101: =ROW()-1 -> 100 | B101: 1152 | C101: =MIN(B101,Inputs!$B$10) -> 788 | D101: =MIN(MAX(B101-C101,0),Inputs!$B$11) -> 0 | E101: =MIN(MAX(B101-C101-D101,0),Inputs!$B$12) -> 364 | F101: =C101+D101+E101 -> 1152 | G101: =Inputs!$B$4*(C101+D101+E101) -(Inputs!$B$10*Inputs!$B$2+Inputs!$B$11*Inputs!$C$2+Inputs!$B$12*Inputs!$D$2) -(C101*Inputs!$B$3+D101*Inputs!$C$3+E101*Inputs!$D$3) -> 42005 | H101: =MAX(B101-F101,0) -> 0 | I101: =Inputs!$B$10+Inputs!$B$11+Inputs!$B$12-F101 -> 87

Sheet Experiments
A1: Strategy | B1: High Qty | C1: Medium Qty | D1: Low Qty | E1: Avg Profit | F1: Avg Unmet | G1: Avg Leftover
A2: H1000 | B2: 1000 | C2: 0 | D2: 0 | E2: {=_xlfn.LET( _xlpm.d,Simulation!$B$2:$B$101, _xlpm.h,IF(_xlpm.d<B2,_xlpm.d,B2), _xlpm.m,IF(_xlpm.d-_xlpm.h<C2,IF(_xlpm.d-_xlpm.h>0,_xlpm.d-_xlpm.h,0),C2), _xlpm.l,IF(_xlpm.d-_xlpm.h-_xlpm.m<D2,IF(_xlpm.d-_xlpm.h-_xlpm.m>0,_xlpm.d-_xlpm.h-_xlpm.m,0),D2), _xlpm.sold,_xlpm.h+_xlpm.m+_xlpm.l, _xlpm.profit, Inputs!$B$4*_xlpm.sold -(B2*Inputs!$B$2+C2*Inputs!$C$2+D2*Inputs!$D$2) -(_xlpm.h*Inputs!$B$3+_xlpm.m*Inputs!$C$3+_xlpm.l*Inputs!$D$3), AVERAGE(_xlpm.profit) )} -> 31168.3 | F2: {=_xlfn.LET( _xlpm.d,Simulation!$B$2:$B$101, _xlpm.h,IF(_xlpm.d<B2,_xlpm.d,B2), _xlpm.m,IF(_xlpm.d-_xlpm.h<C2,IF(_xlpm.d-_xlpm.h>0,_xlpm.d-_xlpm.h,0),C2), _xlpm.l,IF(_xlpm.d-_xlpm.h-_xlpm.m<D2,IF(_xlpm.d-_xlpm.h-_xlpm.m>0,_xlpm.d-_xlpm.h-_xlpm.m,0),D2), _xlpm.sold,_xlpm.h+_xlpm.m+_xlpm.l, AVERAGE(IF(_xlpm.d-_xlpm.sold>0,_xlpm.d-_xlpm.sold,0)) )} -> 88.01 | G2: {=_xlfn.LET( _xlpm.d,Simulation!$B$2:$B$101, _xlpm.h,IF(_xlpm.d<B2,_xlpm.d,B2), _xlpm.m,IF(_xlpm.d-_xlpm.h<C2,IF(_xlpm.d-_xlpm.h>0,_xlpm.d-_xlpm.h,0),C2), _xlpm.l,IF(_xlpm.d-_xlpm.h-_xlpm.m<D2,IF(_xlpm.d-_xlpm.h-_xlpm.m>0,_xlpm.d-_xlpm.h-_xlpm.m,0),D2), _xlpm.sold,_xlpm.h+_xlpm.m+_xlpm.l, AVERAGE(B2+C2+D2-_xlpm.sold) )} -> 98.13
A3: M1000 | B3: 0 | C3: 1000 | D3: 0 | E3: {=_xlfn.LET( _xlpm.d,Simulation!$B$2:$B$101, _xlpm.h,IF(_xlpm.d<B3,_xlpm.d,B3), _xlpm.m,IF(_xlpm.d-_xlpm.h<C3,IF(_xlpm.d-_xlpm.h>0,_xlpm.d-_xlpm.h,0),C3), _xlpm.l,IF(_xlpm.d-_xlpm.h-_xlpm.m<D3,IF(_xlpm.d-_xlpm.h-_xlpm.m>0,_xlpm.d-_xlpm.h-_xlpm.m,0),D3), _xlpm.sold,_xlpm.h+_xlpm.m+_xlpm.l, _xlpm.profit, Inputs!$B$4*_xlpm.sold -(B3*Inputs!$B$2+C3*Inputs!$C$2+D3*Inputs!$D$2) -(_xlpm.h*Inputs!$B$3+_xlpm.m*Inputs!$C$3+_xlpm.l*Inputs!$D$3), AVERAGE(_xlpm.profit) )} -> 28130.9 | F3: {=_xlfn.LET( _xlpm.d,Simulation!$B$2:$B$101, _xlpm.h,IF(_xlpm.d<B3,_xlpm.d,B3), _xlpm.m,IF(_xlpm.d-_xlpm.h<C3,IF(_xlpm.d-_xlpm.h>0,_xlpm.d-_xlpm.h,0),C3), _xlpm.l,IF(_xlpm.d-_xlpm.h-_xlpm.m<D3,IF(_xlpm.d-_xlpm.h-_xlpm.m>0,_xlpm.d-_xlpm.h-_xlpm.m,0),D3), _xlpm.sold,_xlpm.h+_xlpm.m+_xlpm.l, AVERAGE(IF(_xlpm.d-_xlpm.sold>0,_xlpm.d-_xlpm.sold,0)) )} -> 88.01 | G3: {=_xlfn.LET( _xlpm.d,Simulation!$B$2:$B$101, _xlpm.h,IF(_xlpm.d<B3,_xlpm.d,B3), _xlpm.m,IF(_xlpm.d-_xlpm.h<C3,IF(_xlpm.d-_xlpm.h>0,_xlpm.d-_xlpm.h,0),C3), _xlpm.l,IF(_xlpm.d-_xlpm.h-_xlpm.m<D3,IF(_xlpm.d-_xlpm.h-_xlpm.m>0,_xlpm.d-_xlpm.h-_xlpm.m,0),D3), _xlpm.sold,_xlpm.h+_xlpm.m+_xlpm.l, AVERAGE(B3+C3+D3-_xlpm.sold) )} -> 98.13
A4: L1000 | B4: 0 | C4: 0 | D4: 1000 | E4: {=_xlfn.LET( _xlpm.d,Simulation!$B$2:$B$101, _xlpm.h,IF(_xlpm.d<B4,_xlpm.d,B4), _xlpm.m,IF(_xlpm.d-_xlpm.h<C4,IF(_xlpm.d-_xlpm.h>0,_xlpm.d-_xlpm.h,0),C4), _xlpm.l,IF(_xlpm.d-_xlpm.h-_xlpm.m<D4,IF(_xlpm.d-_xlpm.h-_xlpm.m>0,_xlpm.d-_xlpm.h-_xlpm.m,0),D4), _xlpm.sold,_xlpm.h+_xlpm.m+_xlpm.l, _xlpm.profit, Inputs!$B$4*_xlpm.sold -(B4*Inputs!$B$2+C4*Inputs!$C$2+D4*Inputs!$D$2) -(_xlpm.h*Inputs!$B$3+_xlpm.m*Inputs!$C$3+_xlpm.l*Inputs!$D$3), AVERAGE(_xlpm.profit) )} -> 26565.45 | F4: {=_xlfn.LET( _xlpm.d,Simulation!$B$2:$B$101, _xlpm.h,IF(_xlpm.d<B4,_xlpm.d,B4), _xlpm.m,IF(_xlpm.d-_xlpm.h<C4,IF(_xlpm.d-_xlpm.h>0,_xlpm.d-_xlpm.h,0),C4), _xlpm.l,IF(_xlpm.d-_xlpm.h-_xlpm.m<D4,IF(_xlpm.d-_xlpm.h-_xlpm.m>0,_xlpm.d-_xlpm.h-_xlpm.m,0),D4), _xlpm.sold,_xlpm.h+_xlpm.m+_xlpm.l, AVERAGE(IF(_xlpm.d-_xlpm.sold>0,_xlpm.d-_xlpm.sold,0)) )} -> 88.01 | G4: {=_xlfn.LET( _xlpm.d,Simulation!$B$2:$B$101, _xlpm.h,IF(_xlpm.d<B4,_xlpm.d,B4), _xlpm.m,IF(_xlpm.d-_xlpm.h<C4,IF(_xlpm.d-_xlpm.h>0,_xlpm.d-_xlpm.h,0),C4), _xlpm.l,IF(_xlpm.d-_xlpm.h-_xlpm.m<D4,IF(_xlpm.d-_xlpm.h-_xlpm.m>0,_xlpm.d-_xlpm.h-_xlpm.m,0),D4), _xlpm.sold,_xlpm.h+_xlpm.m+_xlpm.l, AVERAGE(B4+C4+D4-_xlpm.sold) )} -> 98.13
A5: H-Newsvendor | B5: 965 | C5: 0 | D5: 0 | E5: {=_xlfn.LET( _xlpm.d,Simulation!$B$2:$B$101, _xlpm.h,IF(_xlpm.d<B5,_xlpm.d,B5), _xlpm.m,IF(_xlpm.d-_xlpm.h<C5,IF(_xlpm.d-_xlpm.h>0,_xlpm.d-_xlpm.h,0),C5), _xlpm.l,IF(_xlpm.d-_xlpm.h-_xlpm.m<D5,IF(_xlpm.d-_xlpm.h-_xlpm.m>0,_xlpm.d-_xlpm.h-_xlpm.m,0),D5), _xlpm.sold,_xlpm.h+_xlpm.m+_xlpm.l, _xlpm.profit, Inputs!$B$4*_xlpm.sold -(B5*Inputs!$B$2+C5*Inputs!$C$2+D5*Inputs!$D$2) -(_xlpm.h*Inputs!$B$3+_xlpm.m*Inputs!$C$3+_xlpm.l*Inputs!$D$3), AVERAGE(_xlpm.profit) )} -> 31252.4 | F5: {=_xlfn.LET( _xlpm.d,Simulation!$B$2:$B$101, _xlpm.h,IF(_xlpm.d<B5,_xlpm.d,B5), _xlpm.m,IF(_xlpm.d-_xlpm.h<C5,IF(_xlpm.d-_xlpm.h>0,_xlpm.d-_xlpm.h,0),C5), _xlpm.l,IF(_xlpm.d-_xlpm.h-_xlpm.m<D5,IF(_xlpm.d-_xlpm.h-_xlpm.m>0,_xlpm.d-_xlpm.h-_xlpm.m,0),D5), _xlpm.sold,_xlpm.h+_xlpm.m+_xlpm.l, AVERAGE(IF(_xlpm.d-_xlpm.sold>0,_xlpm.d-_xlpm.sold,0)) )} -> 106.52 | G5: {=_xlfn.LET( _xlpm.d,Simulation!$B$2:$B$101, _xlpm.h,IF(_xlpm.d<B5,_xlpm.d,B5), _xlpm.m,IF(_xlpm.d-_xlpm.h<C5,IF(_xlpm.d-_xlpm.h>0,_xlpm.d-_xlpm.h,0),C5), _xlpm.l,IF(_xlpm.d-_xlpm.h-_xlpm.m<D5,IF(_xlpm.d-_xlpm.h-_xlpm.m>0,_xlpm.d-_xlpm.h-_xlpm.m,0),D5), _xlpm.sold,_xlpm.h+_xlpm.m+_xlpm.l, AVERAGE(B5+C5+D5-_xlpm.sold) )} -> 81.64
A6: M-Newsvendor | B6: 0 | C6: 1000 | D6: 0 | E6: {=_xlfn.LET( _xlpm.d,Simulation!$B$2:$B$101, _xlpm.h,IF(_xlpm.d<B6,_xlpm.d,B6), _xlpm.m,IF(_xlpm.d-_xlpm.h<C6,IF(_xlpm.d-_xlpm.h>0,_xlpm.d-_xlpm.h,0),C6), _xlpm.l,IF(_xlpm.d-_xlpm.h-_xlpm.m<D6,IF(_xlpm.d-_xlpm.h-_xlpm.m>0,_xlpm.d-_xlpm.h-_xlpm.m,0),D6), _xlpm.sold,_xlpm.h+_xlpm.m+_xlpm.l, _xlpm.profit, Inputs!$B$4*_xlpm.sold -(B6*Inputs!$B$2+C6*Inputs!$C$2+D6*Inputs!$D$2) -(_xlpm.h*Inputs!$B$3+_xlpm.m*Inputs!$C$3+_xlpm.l*Inputs!$D$3), AVERAGE(_xlpm.profit) )} -> 28130.9 | F6: {=_xlfn.LET( _xlpm.d,Simulation!$B$2:$B$101, _xlpm.h,IF(_xlpm.d<B6,_xlpm.d,B6), _xlpm.m,IF(_xlpm.d-_xlpm.h<C6,IF(_xlpm.d-_xlpm.h>0,_xlpm.d-_xlpm.h,0),C6), _xlpm.l,IF(_xlpm.d-_xlpm.h-_xlpm.m<D6,IF(_xlpm.d-_xlpm.h-_xlpm.m>0,_xlpm.d-_xlpm.h-_xlpm.m,0),D6), _xlpm.sold,_xlpm.h+_xlpm.m+_xlpm.l, AVERAGE(IF(_xlpm.d-_xlpm.sold>0,_xlpm.d-_xlpm.sold,0)) )} -> 88.01 | G6: {=_xlfn.LET( _xlpm.d,Simulation!$B$2:$B$101, _xlpm.h,IF(_xlpm.d<B6,_xlpm.d,B6), _xlpm.m,IF(_xlpm.d-_xlpm.h<C6,IF(_xlpm.d-_xlpm.h>0,_xlpm.d-_xlpm.h,0),C6), _xlpm.l,IF(_xlpm.d-_xlpm.h-_xlpm.m<D6,IF(_xlpm.d-_xlpm.h-_xlpm.m>0,_xlpm.d-_xlpm.h-_xlpm.m,0),D6), _xlpm.sold,_xlpm.h+_xlpm.m+_xlpm.l, AVERAGE(B6+C6+D6-_xlpm.sold) )} -> 98.13
A7: L-Newsvendor | B7: 0 | C7: 0 | D7: 1267 | E7: {=_xlfn.LET( _xlpm.d,Simulation!$B$2:$B$101, _xlpm.h,IF(_xlpm.d<B7,_xlpm.d,B7), _xlpm.m,IF(_xlpm.d-_xlpm.h<C7,IF(_xlpm.d-_xlpm.h>0,_xlpm.d-_xlpm.h,0),C7), _xlpm.l,IF(_xlpm.d-_xlpm.h-_xlpm.m<D7,IF(_xlpm.d-_xlpm.h-_xlpm.m>0,_xlpm.d-_xlpm.h-_xlpm.m,0),D7), _xlpm.sold,_xlpm.h+_xlpm.m+_xlpm.l, _xlpm.profit, Inputs!$B$4*_xlpm.sold -(B7*Inputs!$B$2+C7*Inputs!$C$2+D7*Inputs!$D$2) -(_xlpm.h*Inputs!$B$3+_xlpm.m*Inputs!$C$3+_xlpm.l*Inputs!$D$3), AVERAGE(_xlpm.profit) )} -> 27825.7 | F7: {=_xlfn.LET( _xlpm.d,Simulation!$B$2:$B$101, _xlpm.h,IF(_xlpm.d<B7,_xlpm.d,B7), _xlpm.m,IF(_xlpm.d-_xlpm.h<C7,IF(_xlpm.d-_xlpm.h>0,_xlpm.d-_xlpm.h,0),C7), _xlpm.l,IF(_xlpm.d-_xlpm.h-_xlpm.m<D7,IF(_xlpm.d-_xlpm.h-_xlpm.m>0,_xlpm.d-_xlpm.h-_xlpm.m,0),D7), _xlpm.sold,_xlpm.h+_xlpm.m+_xlpm.l, AVERAGE(IF(_xlpm.d-_xlpm.sold>0,_xlpm.d-_xlpm.sold,0)) )} -> 13.86 | G7: {=_xlfn.LET( _xlpm.d,Simulation!$B$2:$B$101, _xlpm.h,IF(_xlpm.d<B7,_xlpm.d,B7), _xlpm.m,IF(_xlpm.d-_xlpm.h<C7,IF(_xlpm.d-_xlpm.h>0,_xlpm.d-_xlpm.h,0),C7), _xlpm.l,IF(_xlpm.d-_xlpm.h-_xlpm.m<D7,IF(_xlpm.d-_xlpm.h-_xlpm.m>0,_xlpm.d-_xlpm.h-_xlpm.m,0),D7), _xlpm.sold,_xlpm.h+_xlpm.m+_xlpm.l, AVERAGE(B7+C7+D7-_xlpm.sold) )} -> 290.98
A8: Mix-1 | B8: 965 | C8: 35 | D8: 0 | E8: {=_xlfn.LET( _xlpm.d,Simulation!$B$2:$B$101, _xlpm.h,IF(_xlpm.d<B8,_xlpm.d,B8), _xlpm.m,IF(_xlpm.d-_xlpm.h<C8,IF(_xlpm.d-_xlpm.h>0,_xlpm.d-_xlpm.h,0),C8), _xlpm.l,IF(_xlpm.d-_xlpm.h-_xlpm.m<D8,IF(_xlpm.d-_xlpm.h-_xlpm.m>0,_xlpm.d-_xlpm.h-_xlpm.m,0),D8), _xlpm.sold,_xlpm.h+_xlpm.m+_xlpm.l, _xlpm.profit, Inputs!$B$4*_xlpm.sold -(B8*Inputs!$B$2+C8*Inputs!$C$2+D8*Inputs!$D$2) -(_xlpm.h*Inputs!$B$3+_xlpm.m*Inputs!$C$3+_xlpm.l*Inputs!$D$3), AVERAGE(_xlpm.profit) )} -> 31323.1 | F8: {=_xlfn.LET( _xlpm.d,Simulation!$B$2:$B$101, _xlpm.h,IF(_xlpm.d<B8,_xlpm.d,B8), _xlpm.m,IF(_xlpm.d-_xlpm.h<C8,IF(_xlpm.d-_xlpm.h>0,_xlpm.d-_xlpm.h,0),C8), _xlpm.l,IF(_xlpm.d-_xlpm.h-_xlpm.m<D8,IF(_xlpm.d-_xlpm.h-_xlpm.m>0,_xlpm.d-_xlpm.h-_xlpm.m,0),D8), _xlpm.sold,_xlpm.h+_xlpm.m+_xlpm.l, AVERAGE(IF(_xlpm.d-_xlpm.sold>0,_xlpm.d-_xlpm.sold,0)) )} -> 88.01 | G8: {=_xlfn.LET( _xlpm.d,Simulation!$B$2:$B$101, _xlpm.h,IF(_xlpm.d<B8,_xlpm.d,B8), _xlpm.m,IF(_xlpm.d-_xlpm.h<C8,IF(_xlpm.d-_xlpm.h>0,_xlpm.d-_xlpm.h,0),C8), _xlpm.l,IF(_xlpm.d-_xlpm.h-_xlpm.m<D8,IF(_xlpm.d-_xlpm.h-_xlpm.m>0,_xlpm.d-_xlpm.h-_xlpm.m,0),D8), _xlpm.sold,_xlpm.h+_xlpm.m+_xlpm.l, AVERAGE(B8+C8+D8-_xlpm.sold) )} -> 98.13
A9: Mix-2 | B9: 965 | C9: 0 | D9: 302 | E9: {=_xlfn.LET( _xlpm.d,Simulation!$B$2:$B$101, _xlpm.h,IF(_xlpm.d<B9,_xlpm.d,B9), _xlpm.m,IF(_xlpm.d-_xlpm.h<C9,IF(_xlpm.d-_xlpm.h>0,_xlpm.d-_xlpm.h,0),C9), _xlpm.l,IF(_xlpm.d-_xlpm.h-_xlpm.m<D9,IF(_xlpm.d-_xlpm.h-_xlpm.m>0,_xlpm.d-_xlpm.h-_xlpm.m,0),D9), _xlpm.sold,_xlpm.h+_xlpm.m+_xlpm.l, _xlpm.profit, Inputs!$B$4*_xlpm.sold -(B9*Inputs!$B$2+C9*Inputs!$C$2+D9*Inputs!$D$2) -(_xlpm.h*Inputs!$B$3+_xlpm.m*Inputs!$C$3+_xlpm.l*Inputs!$D$3), AVERAGE(_xlpm.profit) )} -> 32985.5 | F9: {=_xlfn.LET( _xlpm.d,Simulation!$B$2:$B$101, _xlpm.h,IF(_xlpm.d<B9,_xlpm.d,B9), _xlpm.m,IF(_xlpm.d-_xlpm.h<C9,IF(_xlpm.d-_xlpm.h>0,_xlpm.d-_xlpm.h,0),C9), _xlpm.l,IF(_xlpm.d-_xlpm.h-_xlpm.m<D9,IF(_xlpm.d-_xlpm.h-_xlpm.m>0,_xlpm.d-_xlpm.h-_xlpm.m,0),D9), _xlpm.sold,_xlpm.h+_xlpm.m+_xlpm.l, AVERAGE(IF(_xlpm.d-_xlpm.sold>0,_xlpm.d-_xlpm.sold,0)) )} -> 13.86 | G9: {=_xlfn.LET( _xlpm.d,Simulation!$B$2:$B$101, _xlpm.h,IF(_xlpm.d<B9,_xlpm.d,B9), _xlpm.m,IF(_xlpm.d-_xlpm.h<C9,IF(_xlpm.d-_xlpm.h>0,_xlpm.d-_xlpm.h,0),C9), _xlpm.l,IF(_xlpm.d-_xlpm.h-_xlpm.m<D9,IF(_xlpm.d-_xlpm.h-_xlpm.m>0,_xlpm.d-_xlpm.h-_xlpm.m,0),D9), _xlpm.sold,_xlpm.h+_xlpm.m+_xlpm.l, AVERAGE(B9+C9+D9-_xlpm.sold) )} -> 290.98
A10: Mix-3 | B10: 965 | C10: 35 | D10: 267 | E10: {=_xlfn.LET( _xlpm.d,Simulation!$B$2:$B$101, _xlpm.h,IF(_xlpm.d<B10,_xlpm.d,B10), _xlpm.m,IF(_xlpm.d-_xlpm.h<C10,IF(_xlpm.d-_xlpm.h>0,_xlpm.d-_xlpm.h,0),C10), _xlpm.l,IF(_xlpm.d-_xlpm.h-_xlpm.m<D10,IF(_xlpm.d-_xlpm.h-_xlpm.m>0,_xlpm.d-_xlpm.h-_xlpm.m,0),D10), _xlpm.sold,_xlpm.h+_xlpm.m+_xlpm.l, _xlpm.profit, Inputs!$B$4*_xlpm.sold -(B10*Inputs!$B$2+C10*Inputs!$C$2+D10*Inputs!$D$2) -(_xlpm.h*Inputs!$B$3+_xlpm.m*Inputs!$C$3+_xlpm.l*Inputs!$D$3), AVERAGE(_xlpm.profit) )} -> 32583.35 | F10: {=_xlfn.LET( _xlpm.d,Simulation!$B$2:$B$101, _xlpm.h,IF(_xlpm.d<B10,_xlpm.d,B10), _xlpm.m,IF(_xlpm.d-_xlpm.h<C10,IF(_xlpm.d-_xlpm.h>0,_xlpm.d-_xlpm.h,0),C10), _xlpm.l,IF(_xlpm.d-_xlpm.h-_xlpm.m<D10,IF(_xlpm.d-_xlpm.h-_xlpm.m>0,_xlpm.d-_xlpm.h-_xlpm.m,0),D10), _xlpm.sold,_xlpm.h+_xlpm.m+_xlpm.l, AVERAGE(IF(_xlpm.d-_xlpm.sold>0,_xlpm.d-_xlpm.sold,0)) )} -> 13.86 | G10: {=_xlfn.LET( _xlpm.d,Simulation!$B$2:$B$101, _xlpm.h,IF(_xlpm.d<B10,_xlpm.d,B10), _xlpm.m,IF(_xlpm.d-_xlpm.h<C10,IF(_xlpm.d-_xlpm.h>0,_xlpm.d-_xlpm.h,0),C10), _xlpm.l,IF(_xlpm.d-_xlpm.h-_xlpm.m<D10,IF(_xlpm.d-_xlpm.h-_xlpm.m>0,_xlpm.d-_xlpm.h-_xlpm.m,0),D10), _xlpm.sold,_xlpm.h+_xlpm.m+_xlpm.l, AVERAGE(B10+C10+D10-_xlpm.sold) )} -> 290.98
A11: Solver-100 | B11: 788 | C11: 0 | D11: 451 | E11: 34393.3 | F11: 17.58 | G11: 266.7
